mean_resid,median_resid,mae,rmse,aic,bic,r_square
-0.11332951573462027,-0.1321840947339864,0.4925119912708755,0.6315425252688355,202823.26753601135,205347.47916604753,0.6030029483029697
